StateHoliday,SchoolHoliday,mean_sales,n
None,0,6895.153041351444,680339
None,1,7196.896238269494,163143
a,0,8492.066101694916,590
a,1,8461.403846153846,104
b,0,34781.166666666664,6
b,1,8813.359712230216,139
c,1,9743.74647887324,71
