CompDist_bin,mean_sales,mean_customers,n
0–0.5 km,7609.896518904514,968.5471780046161,168108
0.5–2 km,6919.898746080031,812.797242974616,212693
5+ km,6786.8896462298035,646.0857168779912,264522
2–5 km,6678.1624772072755,691.9461101263187,196883
Unknown,5482.080969807868,552.8956999085087,2186
