Promo,mean_sales,median_sales,mean_customers,n
0,5929.407603487516,5459.0,696.856886476034,467496
1,8228.281239386994,7649.0,844.4344010018679,376896
