DayOfWeek,mean_sales,mean_customers,n
1,8216.073073567897,855.4449840069788,137560
2,7088.1136557817745,769.986753356812,143961
3,6728.122977961898,740.5988755495434,141936
4,6767.310158640564,755.5697840230533,134644
5,7072.677012406232,781.7716387766878,138640
6,5874.840237959711,660.1775257188077,144058
7,8224.723907598107,1441.5324241580852,3593
